Age,Primary Platform,Content Type,Skill Level,Recommended Content
70,Instagram,DIY,Advanced,Budget-Friendly DIY Knitting Ideas
66,Instagram,Crafts,Intermediate,Creating Stunning Woodworking Art
65,YouTube,Freelance Services,Advanced,Advanced Writing Techniques for Freelancers
59,YouTube,Crafts,Beginner,Creating Stunning Paper Art
69,Instagram,Home Décor,Advanced,Seasonal Minimalist Makeovers
71,YouTube,Home Décor,Advanced,DIY Modern for Small Spaces
71,YouTube,Freelance Services,Beginner,Finding Freelance Work on Facebook
57,Instagram,DIY,Advanced,Beginner's Guide to DIY Knitting
60,Facebook,Health & Wellness,Beginner,Intermediate Mental Routines
62,Facebook,Health & Wellness,Beginner,Easy Posture Exercises for Boomers
60,Facebook,Freelance Services,Intermediate,Building a Writing-Based Portfolio
71,Facebook,Freelance Services,Beginner,Optimizing Your YouTube Profile
71,Facebook,Gardening,Beginner,Budget-Friendly Knitting Gardening Tips
65,YouTube,Health & Wellness,Intermediate,Easy Flexibility Exercises for Boomers
66,Instagram,Home Décor,Advanced,Transform Your Home with Classic
68,Facebook,Home Décor,Beginner,Seasonal Modern Makeovers
74,YouTube,Health & Wellness,Advanced,Advanced Posture Techniques for Seniors
55,YouTube,Gardening,Advanced,Creating a Woodworking Oasis at Home
56,Instagram,Gardening,Intermediate,Creating a Paper Oasis at Home
58,Instagram,Crafts,Advanced,DIY Knitting Projects for Home
74,Facebook,Crafts,Beginner,DIY Digital Projects for Home
55,Instagram,Health & Wellness,Intermediate,Beginner's Guide to Posture Health
71,YouTube,Home Décor,Advanced,Seasonal Rustic Makeovers
68,Facebook,Gardening,Advanced,Starting Your First Woodworking Garden
65,Instagram,Crafts,Intermediate,Craft Ideas for Anniversary
72,Instagram,Gardening,Intermediate,Budget-Friendly Digital Gardening Tips
71,YouTube,Freelance Services,Beginner,Attracting Clients Using YouTube
69,YouTube,DIY,Beginner,Beginner's Guide to DIY Digital
56,Instagram,Gardening,Advanced,Caring for Woodworking Plants in Winter
55,YouTube,Home Décor,Intermediate,DIY Minimalist for Small Spaces
57,YouTube,Home Décor,Beginner,High-End Minimalist Designs
56,Facebook,Freelance Services,Advanced,Finding Freelance Work on YouTube
75,Facebook,Home Décor,Intermediate,DIY Rustic for Small Spaces
64,YouTube,Freelance Services,Intermediate,Finding Freelance Work on Instagram
70,Facebook,Home Décor,Advanced,Budget-Friendly Boho Ideas
65,Facebook,Health & Wellness,Advanced,Intermediate Flexibility Routines
72,YouTube,Gardening,Advanced,Starting Your First Digital Garden
70,YouTube,Crafts,Beginner,DIY Interior Projects for Home
57,Facebook,Gardening,Intermediate,Budget-Friendly Paper Gardening Tips
60,Instagram,Gardening,Intermediate,Creating a Knitting Oasis at Home
75,YouTube,Home Décor,Intermediate,Transform Your Home with Modern
67,Facebook,Health & Wellness,Beginner,Advanced Cardio Techniques for Seniors
62,YouTube,DIY,Advanced,Intermediate Paper Techniques
68,YouTube,Home Décor,Advanced,DIY Classic for Small Spaces
66,YouTube,DIY,Beginner,Transform Your Space with DIY Woodworking
73,YouTube,Gardening,Intermediate,Creating a Crochet Oasis at Home
63,Instagram,Health & Wellness,Advanced,Easy Joint Exercises for Boomers
73,Instagram,Crafts,Intermediate,Craft Ideas for Christmas
65,Instagram,Health & Wellness,Beginner,Intermediate Posture Routines
60,YouTube,Home Décor,Advanced,High-End Boho Designs
62,Instagram,Gardening,Advanced,Creating a Digital Oasis at Home
73,Instagram,Crafts,Beginner,DIY Crochet Projects for Home
75,YouTube,Freelance Services,Beginner,Optimizing Your Facebook Profile
72,Instagram,Freelance Services,Intermediate,Building a Editing-Based Portfolio
68,YouTube,Gardening,Intermediate,Budget-Friendly Crochet Gardening Tips
73,Instagram,Home Décor,Intermediate,High-End Classic Designs
55,Instagram,Crafts,Intermediate,Creating Stunning Crochet Art
57,Facebook,DIY,Beginner,Beginner's Guide to DIY Woodworking
56,Facebook,Gardening,Intermediate,Advanced Gardening: Digital Techniques
57,Instagram,DIY,Advanced,Advanced DIY Paper Projects
60,Facebook,Gardening,Advanced,Budget-Friendly Woodworking Gardening Tips
66,Facebook,Freelance Services,Beginner,Building a Photography-Based Portfolio
70,Instagram,Gardening,Beginner,Caring for Paper Plants in Winter
70,Facebook,DIY,Advanced,Budget-Friendly DIY Crochet Ideas
66,Facebook,Home Décor,Beginner,Budget-Friendly Classic Ideas
59,YouTube,DIY,Advanced,Budget-Friendly DIY Interior Ideas
74,Facebook,Home Décor,Intermediate,Transform Your Home with Minimalist
63,YouTube,Home Décor,Intermediate,Budget-Friendly Minimalist Ideas
68,Facebook,Health & Wellness,Advanced,Beginner's Guide to Mental Health
62,Facebook,Gardening,Advanced,Starting Your First Paper Garden
55,Facebook,Freelance Services,Intermediate,Building a Designing-Based Portfolio
55,Facebook,Health & Wellness,Advanced,Beginner's Guide to Cardio Health
55,Facebook,Crafts,Beginner,DIY Paper Projects for Home
71,YouTube,Health & Wellness,Beginner,Beginner's Guide to Joint Health
56,Instagram,Freelance Services,Intermediate,Attracting Clients Using Facebook
67,Instagram,Health & Wellness,Beginner,Managing Flexibility as You Age
72,Instagram,Freelance Services,Advanced,Advanced Editing Techniques for Freelancers
57,YouTube,Freelance Services,Advanced,Advanced Designing Techniques for Freelancers
70,Facebook,DIY,Advanced,Advanced DIY Interior Projects
59,Instagram,Health & Wellness,Beginner,Easy Mental Exercises for Boomers
56,Instagram,DIY,Intermediate,Advanced DIY Woodworking Projects
63,Facebook,DIY,Beginner,Beginner's Guide to DIY Paper
66,YouTube,DIY,Advanced,Budget-Friendly DIY Digital Ideas
55,Instagram,Health & Wellness,Beginner,Beginner's Guide to Flexibility Health
60,Instagram,Gardening,Intermediate,Advanced Gardening: Knitting Techniques
64,YouTube,Health & Wellness,Beginner,Managing Posture as You Age
56,Facebook,Crafts,Beginner,Craft Ideas for Easter
57,YouTube,DIY,Beginner,Intermediate Digital Techniques
64,YouTube,Crafts,Beginner,Sustainable Paper Ideas
62,Instagram,Home Décor,Intermediate,Budget-Friendly Modern Ideas
74,YouTube,Gardening,Beginner,Caring for Knitting Plants in Summer
64,Instagram,Home Décor,Intermediate,High-End Rustic Designs
74,Facebook,Gardening,Intermediate,Advanced Gardening: Crochet Techniques
75,Facebook,DIY,Beginner,Intermediate Woodworking Techniques
61,Instagram,Freelance Services,Advanced,Optimizing Your Instagram Profile
70,Instagram,Crafts,Beginner,Mastering Crochet Techniques
57,YouTube,Home Décor,Advanced,Transform Your Home with Rustic
66,Instagram,Home Décor,Intermediate,High-End Modern Designs
61,YouTube,Gardening,Advanced,Starting Your First Interior Garden
65,Facebook,DIY,Intermediate,Transform Your Space with DIY Interior
73,Instagram,Crafts,Intermediate,Craft Ideas for Birthday
69,YouTube,Gardening,Advanced,Budget-Friendly Interior Gardening Tips
65,Facebook,DIY,Beginner,Budget-Friendly DIY Paper Ideas
63,Instagram,Crafts,Beginner,Creating Stunning Knitting Art
57,YouTube,Gardening,Beginner,Caring for Interior Plants in Spring
72,YouTube,Health & Wellness,Advanced,Advanced Mental Techniques for Seniors
67,Instagram,Freelance Services,Beginner,Advanced Photography Techniques for Freelancers
60,Facebook,Crafts,Advanced,Mastering Digital Techniques
69,Facebook,Gardening,Advanced,Advanced Gardening: Paper Techniques
55,YouTube,Crafts,Intermediate,Mastering Interior Techniques
65,Instagram,Gardening,Beginner,Caring for Interior Plants in Fall
73,YouTube,Freelance Services,Beginner,Attracting Clients Using Instagram
70,Facebook,Crafts,Intermediate,Sustainable Crochet Ideas
56,Instagram,DIY,Beginner,Advanced DIY Crochet Projects
72,YouTube,Gardening,Intermediate,Caring for Interior Plants in Summer
68,Facebook,Gardening,Advanced,Caring for Crochet Plants in Fall
72,Instagram,DIY,Advanced,Advanced DIY Digital Projects
74,Facebook,Health & Wellness,Advanced,Advanced Joint Techniques for Seniors
71,Facebook,Gardening,Intermediate,Advanced Gardening: Woodworking Techniques
64,Facebook,DIY,Advanced,Transform Your Space with DIY Crochet
66,Facebook,DIY,Intermediate,Transform Your Space with DIY Paper
75,Facebook,Crafts,Advanced,Mastering Knitting Techniques
55,Instagram,DIY,Beginner,Transform Your Space with DIY Knitting
64,YouTube,DIY,Intermediate,Budget-Friendly DIY Woodworking Ideas
57,YouTube,DIY,Advanced,Beginner's Guide to DIY Interior
68,YouTube,Crafts,Advanced,Mastering Paper Techniques
68,Instagram,DIY,Advanced,Intermediate Knitting Techniques
66,Facebook,Crafts,Intermediate,Sustainable Woodworking Ideas
57,YouTube,Health & Wellness,Intermediate,Intermediate Cardio Routines
75,Instagram,Health & Wellness,Intermediate,Advanced Flexibility Techniques for Seniors
55,Facebook,Crafts,Beginner,Sustainable Digital Ideas
63,Instagram,Home Décor,Beginner,Transform Your Home with Boho
55,YouTube,DIY,Intermediate,Intermediate Crochet Techniques
64,Instagram,Home Décor,Intermediate,Seasonal Classic Makeovers
60,Facebook,Gardening,Beginner,Caring for Woodworking Plants in Summer
74,Facebook,Gardening,Advanced,Creating a Interior Oasis at Home
69,Instagram,Health & Wellness,Beginner,Managing Mental as You Age
73,Instagram,Health & Wellness,Beginner,Easy Cardio Exercises for Boomers
66,Instagram,Home Décor,Beginner,DIY Boho for Small Spaces
58,YouTube,Gardening,Beginner,Caring for Paper Plants in Summer
69,Instagram,Crafts,Beginner,DIY Woodworking Projects for Home
71,Instagram,DIY,Beginner,Beginner's Guide to DIY Crochet
70,Instagram,Home Décor,Beginner,Seasonal Boho Makeovers
59,Facebook,Health & Wellness,Beginner,Managing Joint as You Age
74,YouTube,DIY,Beginner,Transform Your Space with DIY Digital
73,YouTube,Health & Wellness,Advanced,Managing Cardio as You Age
65,Instagram,Crafts,Advanced,Sustainable Knitting Ideas
69,Facebook,Crafts,Beginner,Creating Stunning Interior Art
73,Facebook,Crafts,Beginner,Mastering Woodworking Techniques
74,Facebook,Gardening,Advanced,Caring for Woodworking Plants in Fall
67,Facebook,Gardening,Advanced,Caring for Crochet Plants in Summer
72,Facebook,Home Décor,Advanced,Budget-Friendly Rustic Ideas
65,Instagram,DIY,Intermediate,Intermediate Interior Techniques
64,Facebook,Crafts,Intermediate,Sustainable Interior Ideas